{
  "G": 0.1E+1,
  "N": 25,
  "paralelo": false,
  "gpu": false,
  "massas_iguais": false,
  "exibir": false,
  "sorteio": {
    "integrais": {
      "energia_total": -0.25E+0,
      "angular_total": [
        0.0E+0,
        0.0E+0,
        0.0E+0
      ],
      "linear_total": [
        0.0E+0,
        0.0E+0,
        0.0E+0
      ]
    },
    "massas": {
      "normalizadas": true,
      "intervalo": [
        0.1E+1,
        0.1E+1
      ],
      "distribuicao": "uniforme"
    },
    "posicoes": {
      "intervalo": [
        -0.1E+2,
        0.1E+2,
        0.5E+0
      ],
      "distribuicao": "uniforme",
      "regiao": "esfera"
    },
    "momentos": {
      "intervalo": [
        -0.1E+1,
        0.1E+1
      ],
      "distribuicao": "uniforme",
      "regiao": "cubo"
    }
  },
  "integracao": {
    "metodo": "verlet",
    "timestep": 0.1,
    "amortecedor": 0.5,
    "t0": 0,
    "tf": 10,
    "checkpoints": 2,
    "tree": false,
    "theta": 0.0E+0
  },
  "colisoes": {
    "colidir": false,
    "metodo": "direto",
    "densidade": 0.47746482927568588E+1,
    "permitir_choque_inicial": true
  },
  "correcao": {
    "corrigir": false,
    "margem_erro": 0.1E-3,
    "max_num_tentativas": 1
  },
  "modo": "vi",
  "valores_iniciais": {
    "massas": [
      0.40000000000000001E-1,
      0.40000000000000001E-1,
      0.40000000000000001E-1,
      0.40000000000000001E-1,
      0.40000000000000001E-1,
      0.40000000000000001E-1,
      0.40000000000000001E-1,
      0.40000000000000001E-1,
      0.40000000000000001E-1,
      0.40000000000000001E-1,
      0.40000000000000001E-1,
      0.40000000000000001E-1,
      0.40000000000000001E-1,
      0.40000000000000001E-1,
      0.40000000000000001E-1,
      0.40000000000000001E-1,
      0.40000000000000001E-1,
      0.40000000000000001E-1,
      0.40000000000000001E-1,
      0.40000000000000001E-1,
      0.40000000000000001E-1,
      0.40000000000000001E-1,
      0.40000000000000001E-1,
      0.40000000000000001E-1,
      0.40000000000000001E-1
    ],
    "posicoes": [
      [
        -0.18067489298326386E+0,
        0.61009276482895634E-1,
        0.26713086420064586E+0
      ],
      [
        -0.59400632474330661E+0,
        -0.5864506280215338E+0,
        0.60147797486728283E+0
      ],
      [
        0.37466580512333741E+0,
        0.48413729289526741E+0,
        0.57118990358552146E+0
      ],
      [
        0.82214764159313747E+0,
        -0.27395856898283266E+0,
        0.7086469786711469E-1
      ],
      [
        -0.4396358191161735E+0,
        -0.38699354505473804E+0,
        -0.24767370874363215E+0
      ],
      [
        0.12357313641127168E+0,
        -0.47395625017316714E-1,
        -0.5456997122724154E-1
      ],
      [
        -0.4103510055399396E-1,
        -0.80704286353528865E+0,
        0.27351415976091481E+0
      ],
      [
        0.13852751070463024E+0,
        0.10561001029868839E+1,
        0.2907045624096567E+0
      ],
      [
        0.25531144995080729E+0,
        -0.242853013474565E+0,
        -0.76435560030304239E+0
      ],
      [
        -0.2904770508546967E-1,
        -0.18459762707517874E+0,
        -0.30833731231441456E-1
      ],
      [
        0.55363116964027725E+0,
        0.11412357915074878E+1,
        -0.1838006191638562E-1
      ],
      [
        0.30337607185304494E+0,
        0.812773900924606E+0,
        0.56742249312244412E-1
      ],
      [
        -0.8099724244461548E+0,
        -0.36229712536953618E+0,
        0.41689989225629359E-1
      ],
      [
        0.41167935970928743E+0,
        -0.32422160290137725E-1,
        -0.86464365105221408E+0
      ],
      [
        -0.36491681557281297E+0,
        -0.673953637655622E+0,
        -0.38625891901918413E+0
      ],
      [
        0.47660604136475976E+0,
        0.44335483653337399E+0,
        -0.93177898303899265E+0
      ],
      [
        0.35703297885759E+0,
        -0.16106006433510744E+0,
        0.33630125471357775E+0
      ],
      [
        0.39299169104471693E+0,
        -0.27817027784197706E+0,
        -0.40959676564424946E+0
      ],
      [
        -0.37935219255001196E+0,
        -0.57932333978919093E+0,
        0.5780344920649293E+0
      ],
      [
        0.95880961442296886E+0,
        -0.35011848481249469E-1,
        0.47904070068213467E+0
      ],
      [
        -0.47894661274926609E+0,
        -0.25738274240162085E+0,
        0.50341641899069089E+0
      ],
      [
        -0.37731938334038634E+0,
        0.16540306121026652E+0,
        -0.7452075501844968E+0
      ],
      [
        -0.93610265164619832E+0,
        -0.34186381584468151E+0,
        0.40739198054110187E+0
      ],
      [
        -0.81817773931151039E+0,
        0.71574124972825437E+0,
        0.2240625515126034E+0
      ],
      [
        0.28083519142271918E+0,
        0.3710213709015408E+0,
        -0.24826285737316789E+0
      ]
    ],
    "momentos": [
      [
        0.23593173593595907E-1,
        0.2827288222330733E-1,
        0.25828534296258837E-1
      ],
      [
        -0.15606866666284335E-1,
        0.14910467220378677E-1,
        -0.23415300168296748E-1
      ],
      [
        -0.11852236642240991E-2,
        -0.15293548004971383E-1,
        0.88919558621320522E-3
      ],
      [
        0.95149419896022151E-2,
        0.14405189899291874E-1,
        0.12221103512927177E-1
      ],
      [
        0.14092057113537891E-1,
        0.20814622640808952E-1,
        -0.91010028062226411E-2
      ],
      [
        -0.78646912114231009E-3,
        -0.77561020687178864E-2,
        -0.14488607972828745E-1
      ],
      [
        0.26104819316005883E-2,
        -0.29280992394198183E-1,
        0.21153877684616518E-1
      ],
      [
        -0.82064978171323497E-2,
        -0.24611566207137194E-1,
        0.12995596973791842E-1
      ],
      [
        0.4516270833332608E-2,
        0.41332131152455823E-2,
        -0.64217672121108186E-2
      ],
      [
        -0.20694251250078116E-2,
        -0.11656713219315346E-1,
        -0.90022797811944166E-2
      ],
      [
        -0.17883586183691787E-1,
        -0.2300396440351362E-1,
        0.15912431934116268E-1
      ],
      [
        -0.20554933401862808E-1,
        0.20984452289864747E-1,
        -0.15153637407948294E-2
      ],
      [
        0.10395549501922891E-1,
        -0.14292194913346365E-1,
        0.76145643472954709E-2
      ],
      [
        -0.43433845406488838E-2,
        0.1018508316776057E-1,
        -0.30430282540061668E-1
      ],
      [
        -0.92113687782103288E-2,
        -0.23475999250112071E-1,
        -0.24974263445583216E-1
      ],
      [
        0.28641514292129244E-1,
        -0.39002827023074896E-2,
        -0.25672214275363779E-1
      ],
      [
        0.14595497829284003E-1,
        0.86719184682244078E-2,
        -0.15063484159979094E-1
      ],
      [
        -0.42160865026317704E-2,
        -0.21896686458631513E-1,
        0.11231219169946223E-1
      ],
      [
        0.93604916234184404E-2,
        -0.18917009026147458E-1,
        0.46612655770017896E-2
      ],
      [
        -0.22374549297671471E-1,
        0.13205772333729453E-1,
        0.21083802057609256E-2
      ],
      [
        0.20448432315394088E-1,
        0.1770238669470427E-1,
        0.15316605095216298E-2
      ],
      [
        -0.72158859427643024E-2,
        0.22424817093858445E-2,
        0.56935701565790633E-2
      ],
      [
        -0.64956325543266257E-2,
        0.37044335523959061E-1,
        0.27316639217686903E-1
      ],
      [
        -0.22089463087747667E-1,
        0.2148942724853705E-1,
        0.44626447701365379E-2
      ],
      [
        0.44709616595286833E-2,
        -0.19977173886799298E-1,
        0.64638821605835714E-2
      ]
    ]
  }
}
